Workbook

Sheet Resumen BL
A1: OG | B1: Vuelo | C1: 5Y-3462 | D1: 5Y-3465 | E1: 5Y-3570 | F1: 5Y-3570A | G1: 5Y-3572 | H1: 5Y-3580 | I1: 5Y-3580A | J1: 5Y-3582 | K1: 5Y-3586 | L1: 5Y-4570 | M1: 5Y-6572 | N1: 5Y-6576 | O1: 5Y-6680 | P1: 5Y-7688 | Q1: 5Y-7734 | R1: 5Y-8780
B2: Volumen | C2: 599 | D2: 598 | E2: 636 | F2: 618 | G2: 614 | H2: 625 | I2: 614 | J2: 608 | K2: 630 | L2: 611 | M2: 620 | N2: 628 | O2: 653 | P2: 613 | Q2: 615 | R2: 629
B3: Utilización | C3: 0.812 | D3: 0.811 | E3: 0.862 | F3: 0.838 | G3: 0.833 | H3: 0.848 | I3: 0.833 | J3: 0.825 | K3: 0.854 | L3: 0.829 | M3: 0.841 | N3: 0.852 | O3: 0.886 | P3: 0.831 | Q3: 0.834 | R3: 0.854
B4: Volumen Modelo | C4: 625 | D4: 569 | E4: 625 | F4: 613 | G4: 573 | H4: 587 | I4: 583 | J4: 584 | K4: 608 | L4: 629 | M4: 592 | N4: 626 | O4: 634 | P4: 596 | Q4: 591 | R4: 585
B5: Utilización Modelo | C5: 0.8507 | D5: 0.7754 | E5: 0.8516 | F5: 0.8355 | G5: 0.7809 | H5: 0.7984 | I5: 0.7943 | J5: 0.7957 | K5: 0.8276 | L5: 0.8565 | M5: 0.8063 | N5: 0.8532 | O5: 0.8638 | P5: 0.8122 | Q5: 0.8055 | R5: 0.7971
B6: Peso | C6: 82449 | D6: 82296 | E6: 85228 | F6: 85482 | G6: 82857 | H6: 86006 | I6: 82930 | J6: 82780 | K6: 82437 | L6: 78435 | M6: 83436 | N6: 79145 | O6: 90604 | P6: 83675 | Q6: 81916 | R6: 82075
B7: % Peso | C7: 0.73 | D7: 0.729 | E7: 0.755 | F7: 0.757 | G7: 0.734 | H7: 0.762 | I7: 0.735 | J7: 0.733 | K7: 0.73 | L7: 0.695 | M7: 0.739 | N7: 0.701 | O7: 0.803 | P7: 0.741 | Q7: 0.726 | R7: 0.727
B8: Cantidad de referencias | C8: =COUNT('Cajas nuevas'!C3:C26) -> 18 | D8: =COUNT('Cajas nuevas'!E3:E26) -> 19 | E8: =COUNT('Cajas nuevas'!G3:G26) -> 15 | F8: =COUNT('Cajas nuevas'!I3:I26) -> 19 | G8: =COUNT('Cajas nuevas'!K3:K26) -> 20 | H8: =COUNT('Cajas nuevas'!M3:M26) -> 18 | I8: =COUNT('Cajas nuevas'!O3:O26) -> 20 | J8: =COUNT('Cajas nuevas'!Q3:Q26) -> 19 | K8: =COUNT('Cajas nuevas'!S3:S26) -> 20 | L8: =COUNT('Cajas nuevas'!U3:U26) -> 22 | M8: =COUNT('Cajas nuevas'!W3:W26) -> 19 | N8: =COUNT('Cajas nuevas'!Y3:Y26) -> 17 | O8: =COUNT('Cajas nuevas'!AA3:AA26) -> 17 | P8: =COUNT('Cajas nuevas'!AC3:AC26) -> 21 | Q8: =COUNT('Cajas nuevas'!AE3:AE26) -> 22 | R8: =COUNT('Cajas nuevas'!AG3:AG26) -> 21
B9: Cajas Original | C9: 10537 | D9: 10911 | E9: 9252 | F9: 10541 | G9: 10453 | H9: 11635 | I9: 11587 | J9: 12272 | K9: 12393 | L9: 10770 | M9: 11756 | N9: 11175 | O9: 12475 | P9: 10851 | Q9: 11375 | R9: 12079
B10: # Intento Cajas nuevas | C10: 2000 | D10: 2000 | E10: 2000 | F10: 2000 | G10: 2000 | H10: 2000 | I10: 2000 | J10: 2000 | K10: 2000 | L10: 2000 | M10: 2000 | N10: 2000 | O10: 2000 | P10: 2000 | Q10: 2000 | R10: 2000
A11: BL | B11: Cajas Totales Mejora | C11: 11704 | D11: 12419 | E11: 9722 | F11: 11052 | G11: 11685 | H11: 12608 | I11: 12863 | J11: 13786 | K11: 13237 | L11: 11522 | M11: 12867 | N11: 11356 | O11: 12900 | P11: 11962 | Q11: 12324 | R11: 13466
B12: Cajas Nuevas Empacadas | C12: =C11-C$9 -> 1167 | D12: =D11-D9 -> 1508 | E12: =E11-E9 -> 470 | F12: =F11-F9 -> 511 | G12: =G11-G9 -> 1232 | H12: =H11-H9 -> 973 | I12: =I11-I9 -> 1276 | J12: =J11-J9 -> 1514 | K12: =K11-K9 -> 844 | ... R12: =R11-R9 -> 1387
B13: % Nueva Utilización | C13: 0.8862 | D13: 0.8953 | E13: 0.9059 | F13: 0.8893 | G13: 0.8997 | H13: 0.8948 | I13: 0.9012 | J13: 0.8954 | K13: 0.883 | L13: 0.8657 | M13: 0.8826 | N13: 0.833 | O13: 0.9079 | P13: 0.8886 | Q13: 0.9 | R13: 0.89
B14: Mejora Porcentual Piezas | C14: =(1-C11*1/C$9)*-1 -> 0.11075259 | D14: =(1-D11*1/D9)*-1 -> 0.13820915 | E14: =(1-E11*1/E9)*-1 -> 0.050799827 | F14: =(1-F11*1/F9)*-1 -> 0.048477374 | G14: =(1-G11*1/G9)*-1 -> 0.1178609 | H14: =(1-H11*1/H9)*-1 -> 0.083626988 | I14: =(1-I11*1/I9)*-1 -> 0.11012341 | J14: =(1-J11*1/J9)*-1 -> 0.12337027 | L14: =(1-L11*1/L9)*-1 -> 0.069823584 | M14: =(1-M11*1/M9)*-1 -> 0.094504934 | N14: =(1-N11*1/N9)*-1 -> 0.016196868 | O14: =(1-O11*1/O9)*-1 -> 0.034068136 | P14: =(1-P11*1/P9)*-1 -> 0.10238688 | Q14: =(1-Q11*1/Q9)*-1 -> 0.083428571 | R14: =(1-R11*1/R9)*-1 -> 0.11482739
B15: Mejora porcentual Volumen | C15: =C13-C$5 -> 0.0355 | D15: =D13-D5 -> 0.1199 | E15: =E13-E5 -> 0.0543 | F15: =F13-F5 -> 0.0538 | G15: =G13-G5 -> 0.1188 | H15: =H13-H5 -> 0.0964 | I15: =I13-I5 -> 0.1069 | J15: =J13-J5 -> 0.0997 | K15: =K13-K5 -> 0.0554 | ... R15: =R13-R5 -> 0.0929
A16: BAF | B16: Cajas Totales Mejora | C16: 10919 | D16: 11752 | E16: 8598 | F16: 10453 | G16: 11209 | H16: 12097 | I16: 12116 | J16: 12989 | K16: 12509 | L16: 11161 | M16: 12140 | N16: 10950 | O16: 11614 | P16: 11119 | Q16: 11293 | R16: 12759
B17: Cajas Nuevas Empacadas | C17: =C16-C$9 -> 382 | D17: =D16-D$9 -> 841 | E17: =E16-E$9 -> -654 | F17: =F16-F$9 -> -88 | G17: =G16-G$9 -> 756 | H17: =H16-H$9 -> 462 | I17: =I16-I$9 -> 529 | J17: =J16-J$9 -> 717 | ... R17: =R16-R$9 -> 680
B18: % Nueva Utilización | C18: 0.845 | D18: 0.832 | E18: 0.808 | F18: 0.8002 | G18: 0.837 | H18: 0.8307 | I18: 0.835 | J18: 0.838 | K18: 0.834 | L18: 0.836 | M18: 0.83 | N18: 0.829 | O18: 0.8028 | P18: 0.831 | Q18: 0.832 | R18: 0.84
B19: Mejora porcentual Piezas | C19: =(1-C16*1/C$9)*-1 -> 0.036253203 | D19: =(1-D16*1/D$9)*-1 -> 0.077078178 | E19: =(1-E16*1/E$9)*-1 -> -0.070687419 | F19: =(1-F16*1/F$9)*-1 -> -0.008348354 | G19: =(1-G16*1/G$9)*-1 -> 0.072323735 | H19: =(1-H16*1/H$9)*-1 -> 0.039707778 | I19: =(1-I16*1/I$9)*-1 -> 0.045654613 | J19: =(1-J16*1/J$9)*-1 -> 0.058425684 | ... R19: =(1-R16*1/R$9)*-1 -> 0.056296051
B20: Mejora porcentual Volumen | C20: =C18-C$5 -> -0.0057 | D20: =D18-D$5 -> 0.0566 | E20: =E18-E$5 -> -0.0436 | F20: =F18-F$5 -> -0.0353 | G20: =G18-G$5 -> 0.0561 | H20: =H18-H$5 -> 0.0323 | I20: =I18-I$5 -> 0.0407 | J20: =J18-J$5 -> 0.0423 | ... R20: =R18-R$5 -> 0.0429
A21: BLSF | B21: Cajas Totales Mejora | C21: 10878 | D21: 11894 | E21: 9514 | F21: 10471 | G21: 10847 | H21: 12129 | I21: 11733 | J21: 12187 | K21: 12227 | L21: 11075 | M21: 12180 | N21: 10971 | O21: 9741 | P21: 10763 | Q21: 11202 | R21: 12380
B22: Cajas Nuevas Empacadas | C22: =C21-C$9 -> 341 | D22: =D21-D$9 -> 983 | E22: =E21-E$9 -> 262 | F22: =F21-F$9 -> -70 | G22: =G21-G$9 -> 394 | H22: =H21-H$9 -> 494 | I22: =I21-I$9 -> 146 | J22: =J21-J$9 -> -85 | ... R22: =R21-R$9 -> 301
B23: % Nueva Utilización | C23: 0.791 | D23: 0.78 | E23: 0.82 | F23: 0.786 | G23: 0.79 | H23: 0.8 | I23: 0.806 | J23: 0.795 | K23: 0.799 | L23: 0.8284 | M23: 0.83 | N23: 0.8283 | O23: 0.69 | P23: 0.8182 | Q23: 0.8095 | R23: 0.8336
B24: Mejora porcentual Piezas | C24: =(1-C21*1/C$9)*-1 -> 0.032362152 | D24: =(1-D21*1/D$9)*-1 -> 0.090092567 | E24: =(1-E21*1/E$9)*-1 -> 0.028318201 | F24: =(1-F21*1/F$9)*-1 -> -0.0066407362 | G24: =(1-G21*1/G$9)*-1 -> 0.037692528 | H24: =(1-H21*1/H$9)*-1 -> 0.042458101 | I24: =(1-I21*1/I$9)*-1 -> 0.012600328 | J24: =(1-J21*1/J$9)*-1 -> -0.0069263364 | ... R24: =(1-R21*1/R$9)*-1 -> 0.024919281
B25: Mejora porcentual Volumen | C25: =C23-C$5 -> -0.0597 | D25: =D23-D$5 -> 0.0046 | E25: =E23-E$5 -> -0.0316 | F25: =F23-F$5 -> -0.0495 | G25: =G23-G$5 -> 0.0091 | H25: =H23-H$5 -> 0.0016 | I25: =I23-I$5 -> 0.0117 | J25: =J23-J$5 -> -0.0007 | ... R25: =R23-R$5 -> 0.0365

Sheet Cajas nuevas
B1: 5Y-3462 | D1: 5Y-3465 | F1: 5Y-3570 | H1: 5Y-3570A | J1: 5Y-3572 | L1: 5Y-3580 | N1: 5Y-3580A | P1: 5Y-3582 | R1: 5Y-3586 | T1: 5Y-4570 | V1: 5Y-6572 | X1: 5Y-6576 | Z1: 5Y-6680 | AB1: 5Y-7688 | AD1: 5Y-7734 | AF1: 5Y-8780
B2: Referencia | C2: Cantidad | D2: Referencia | E2: Cantidad | F2: Referencia | G2: Cantidad | H2: Referencia | I2: Cantidad | J2: Referencia | K2: Cantidad | L2: Referencia | M2: Cantidad | N2: Referencia | O2: Cantidad | P2: Referencia | Q2: Cantidad | R2: Referencia | S2: Cantidad | T2: Referencia | U2: Cantidad | V2: Referencia | W2: Cantidad | X2: Referencia | Y2: Cantidad | Z2: Referencia | AA2: Cantidad | AB2: Referencia | AC2: Cantidad | AD2: Referencia | AE2: Cantidad | AF2: Referencia | AG2: Cantidad
B3: 10 3 2 | C3: 308 | D3: 7 5 1 | E3: 1145 | F3: 10 6 2 | G3: 508 | H3: 10 3 2 | I3: 398 | J3: 7 5 1 | K3: 473 | L3: 10 3 1 | M3: 293 | N3: 10 3 2 | O3: 405 | P3: 10 3 2 | Q3: 514 | R3: 7 5 1 | S3: 477 | T3: 6 3 2 | U3: 264 | V3: 10 3 1 | W3: 431 | X3: 7 5 1 | Y3: 483 | Z3: 10 1 1 | AA3: 20 | AB3: 10 3 2 | AC3: 347 | AD3: 10 3 2 | AE3: 417 | AF3: 10 3 1 | AG3: 606
B4: 7 5 1 | C4: 237 | D4: 6 3 2 | E4: 447 | F4: 7 5 1 | G4: 384 | H4: 10 5 2 | I4: 244 | J4: 9 3 2 | K4: 268 | L4: 7 5 1 | M4: 247 | N4: 7 5 1 | O4: 438 | P4: 7 5 1 | Q4: 411 | R4: 6 3 2 | S4: 408 | T4: 7 5 1 | U4: 244 | V4: 10 3 2 | W4: 294 | X4: 10 3 2 | Y4: 348 | Z4: 10 2 1 | AA4: 56 | AB4: 10 3 1 | AC4: 262 | AD4: 10 3 1 | AE4: 307 | AF4: 7 5 1 | AG4: 258
B5: 10 6 2 | C5: 216 | D5: 9 3 2 | E5: 365 | F5: 10 5 2 | G5: 286 | H5: 10 3 1 | I5: 237 | J5: 10 3 2 | K5: 258 | L5: 10 3 2 | M5: 244 | N5: 10 3 1 | O5: 276 | P5: 10 2 1 | Q5: 243 | R5: 10 3 2 | S5: 184 | T5: 10 6 2 | U5: 240 | V5: 8 4 1 | W5: 237 | X5: 6 3 2 | Y5: 190 | Z5: 10 2 2 | AA5: 50 | AB5: 7 5 1 | AC5: 175 | AD5: 6 3 2 | AE5: 209 | AF5: 10 2 2 | AG5: 182
B6: 10 3 1 | C6: 195 | D6: 10 5 2 | E6: 292 | F6: 8 4 1 | G6: 178 | H6: 6 3 2 | I6: 138 | J6: 10 5 2 | K6: 172 | L6: 10 2 1 | M6: 226 | N6: 8 4 1 | O6: 138 | P6: 10 3 1 | Q6: 209 | R6: 10 3 1 | S6: 182 | T6: 10 3 2 | U6: 239 | V6: 7 5 1 | W6: 165 | X6: 10 3 1 | Y6: 184 | Z6: 10 3 1 | AA6: 153 | AB6: 10 5 2 | AC6: 170 | AD6: 10 6 2 | AE6: 151 | AF6: 10 3 2 | AG6: 160
B7: 10 2 1 | C7: 173 | D7: 7 5 2 | E7: 265 | F7: 10 3 2 | G7: 177 | H7: 8 4 1 | I7: 129 | J7: 10 2 1 | K7: 126 | L7: 10 6 2 | M7: 179 | N7: 10 2 1 | O7: 99 | P7: 6 3 2 | Q7: 132 | R7: 7 5 2 | S7: 150 | T7: 10 3 1 | U7: 190 | V7: 10 6 2 | W7: 164 | X7: 9 3 3 | Y7: 172 | Z7: 10 3 2 | AA7: 83 | AB7: 10 2 1 | AC7: 140 | AD7: 7 5 2 | AE7: 145 | AF7: 10 5 2 | AG7: 129
B8: 6 3 2 | C8: 130 | D8: 10 3 1 | E8: 236 | F8: 10 3 1 | G8: 135 | H8: 10 6 2 | I8: 125 | J8: 10 6 2 | K8: 118 | L8: 8 4 1 | M8: 179 | N8: 9 3 2 | O8: 92 | P8: 10 5 2 | Q8: 106 | R8: 9 3 2 | S8: 117 | T8: 10 2 1 | U8: 189 | V8: 10 2 1 | W8: 162 | X8: 10 6 2 | Y8: 132 | Z8: 10 3 3 | AA8: 25 | AB8: 6 3 2 | AC8: 128 | AD8: 10 2 1 | AE8: 128 | AF8: 10 2 1 | AG8: 117
B9: 10 5 2 | C9: 118 | D9: 10 6 2 | E9: 225 | F9: 10 2 2 | G9: 109 | H9: 7 5 2 | I9: 121 | J9: 10 3 1 | K9: 92 | L9: 6 3 2 | M9: 173 | N9: 10 5 2 | O9: 92 | P9: 9 3 2 | Q9: 88 | R9: 10 6 2 | S9: 118 | T9: 10 2 2 | U9: 163 | V9: 7 5 2 | W9: 140 | X9: 9 5 2 | Y9: 120 | Z9: 10 5 2 | AA9: 69 | AB9: 9 5 2 | AC9: 116 | AD9: 7 5 1 | AE9: 115 | AF9: 10 6 2 | AG9: 117
B10: 8 4 1 | C10: 107 | D10: 10 2 2 | E10: 206 | F10: 10 2 1 | G10: 81 | H10: 7 5 1 | I10: 103 | J10: 7 5 2 | K10: 83 | L10: 10 2 2 | M10: 138 | N10: 10 6 2 | O10: 91 | P10: 8 4 1 | Q10: 63 | R10: 10 2 1 | S10: 77 | T10: 10 5 2 | U10: 161 | V10: 6 3 2 | W10: 109 | X10: 9 3 2 | Y10: 76 | Z10: 10 6 2 | AA10: 73 | AB10: 10 6 2 | AC10: 110 | AD10: 10 5 2 | AE10: 113 | AF10: 7 5 2 | AG10: 93
B11: 10 2 2 | C11: 91 | D11: 10 3 2 | E11: 168 | F11: 9 3 2 | G11: 47 | H11: 9 5 2 | I11: 97 | J11: 10 2 2 | K11: 83 | L11: 10 5 2 | M11: 80 | N11: 6 3 2 | O11: 79 | P11: 10 6 2 | Q11: 55 | R11: 10 3 3 | S11: 70 | T11: 9 3 2 | U11: 132 | V11: 10 5 2 | W11: 99 | X11: 10 5 2 | Y11: 79 | Z11: 6 3 2 | AA11: 111 | AB11: 10 2 2 | AC11: 95 | AD11: 10 2 2 | AE11: 111 | AF11: 10 3 3 | AG11: 62
B12: 10 3 3 | C12: 89 | D12: 8 4 1 | E12: 139 | F12: 9 1 1 | G12: 32 | H12: 10 2 1 | I12: 144 | J12: 8 4 1 | K12: 68 | L12: 7 5 2 | M12: 55 | N12: 10 2 2 | O12: 67 | P12: 10 3 3 | Q12: 57 | R12: 8 4 1 | S12: 53 | T12: 11 3 1 | U12: 45 | V12: 11 3 1 | W12: 45 | X12: 10 2 1 | Y12: 69 | Z12: 7 5 1 | AA12: 130 | AB12: 9 3 2 | AC12: 82 | AD12: 9 2 2 | AE12: 83 | AF12: 9 2 2 | AG12: 62
B13: 9 3 2 | C13: 86 | D13: 9 3 1 | E13: 119 | F13: 6 3 2 | G13: 21 | H13: 9 3 2 | I13: 70 | J13: 8 3 1 | K13: 65 | L13: 9 5 2 | M13: 58 | N13: 7 5 2 | O13: 61 | P13: 10 1 1 | Q13: 36 | R13: 10 2 2 | S13: 42 | T13: 9 2 2 | U13: 23 | V13: 10 2 2 | W13: 41 | X13: 7 5 2 | Y13: 42 | Z13: 7 5 2 | AA13: 19 | AB13: 9 2 2 | AC13: 80 | AD13: 8 4 1 | AE13: 60 | AF13: 6 3 2 | AG13: 49
B14: 7 5 2 | C14: 76 | D14: 10 2 1 | E14: 110 | F14: 9 3 3 | G14: 15 | H14: 10 2 2 | I14: 57 | J14: 9 5 2 | K14: 58 | L14: 9 2 2 | M14: 47 | N14: 10 3 3 | O14: 48 | P14: 7 5 2 | Q14: 25 | R14: 9 3 3 | S14: 37 | T14: 11 3 3 | U14: 22 | V14: 9 3 2 | W14: 41 | X14: 8 4 1 | Y14: 41 | Z14: 8 4 1 | AA14: 64 | AB14: 10 3 3 | AC14: 72 | AD14: 9 3 2 | AE14: 51 | AF14: 8 4 1 | AG14: 45
... B17: 9 2 2 | C17: 38 | D17: 10 1 1 | E17: 51 | F17: 10 1 1 | G17: 3 | H17: 10 3 3 | I17: 32 | J17: 11 3 3 | K17: 19 | L17: 11 3 1 | M17: 11 | N17: 6 3 5 | O17: 16 | P17: 11 3 3 | Q17: 9 | R17: 8 3 1 | S17: 13 | T17: 10 3 3 | U17: 14 | V17: 9 3 3 | W17: 10 | X17: 6 3 5 | Y17: 13 | Z17: 9 3 2 | AA17: 30 | AB17: 8 4 1 | AC17: 26 | AD17: 11 1 2 | AE17: 16 | AF17: 9 3 2 | AG17: 20
B18: 9 3 3 | C18: 22 | D18: 9 5 2 | E18: 30 | H18: 11 3 1 | I18: 17 | J18: 6 3 2 | K18: 18 | L18: 11 3 3 | M18: 3 | N18: 11 3 3 | O18: 13 | P18: 11 3 1 | Q18: 3 | R18: 11 3 1 | S18: 8 | T18: 9 1 1 | U18: 11 | V18: 9 1 1 | W18: 8 | X18: 10 3 3 | Y18: 6 | Z18: 9 3 3 | AA18: 6 | AB18: 6 3 5 | AC18: 25 | AD18: 11 3 1 | AE18: 14 | AF18: 10 1 1 | AG18: 20
B19: 10 1 1 | C19: 20 | D19: 6 3 5 | E19: 25 | H19: 9 3 3 | I19: 6 | J19: 11 3 1 | K19: 14 | L19: 9 3 3 | M19: 2 | N19: 10 1 1 | O19: 10 | P19: 10 2 2 | Q19: 2 | R19: 9 1 1 | S19: 4 | T19: 7 5 2 | U19: 11 | V19: 10 1 1 | W19: 4 | X19: 11 3 1 | Y19: 3 | Z19: 9 5 2 | AA19: 9 | AB19: 9 3 3 | AC19: 24 | AD19: 9 3 3 | AE19: 12 | AF19: 3 3 3 | AG19: 10
B20: 11 3 3 | C20: 2 | D20: 9 1 1 | E20: 3 | H20: 9 1 1 | I20: 4 | J20: 9 2 2 | K20: 10 | L20: 10 1 1 | M20: 1 | N20: 11 1 2 | O20: 10 | P20: 12 4 3 | Q20: 1 | R20: 9 2 1 | S20: 3 | T20: 9 3 1 | U20: 8 | V20: 8 2 1 | W20: 4 | AB20: 8 3 1 | AC20: 18 | AD20: 11 3 3 | AE20: 10 | AF20: 9 5 2 | AG20: 8
D21: 11 3 3 | E21: 0 | H21: 9 2 2 | I21: 3 | J21: 10 5 1 | K21: 4 | N21: 9 2 2 | O21: 9 | P21: 9 1 1 | Q21: 1 | R21: 6 5 3 | S21: 2 | T21: 9 3 3 | U21: 6 | V21: 9 2 2 | W21: 1 | AB21: 10 1 1 | AC21: 15 | AD21: 6 3 5 | AE21: 5 | AF21: 11 3 3 | AG21: 2
J22: 9 1 1 | K22: 1 | N22: 10 5 1 | O22: 2 | R22: 9 5 2 | S22: 5 | T22: 6 3 5 | U22: 2 | AB22: 9 1 1 | AC22: 12 | AD22: 9 4 2 | AE22: 6 | AF22: 9 2 1 | AG22: 1
T23: 10 1 1 | U23: 1 | AB23: 9 3 1 | AC23: 2 | AD23: 9 1 1 | AE23: 4 | AF23: 9 1 1 | AG23: 1
T24: 10 5 1 | U24: 1 | AD24: 9 5 2 | AE24: 3
